{
	"info": {
		"_postman_id": "22043421-122d-4fbe-ae3d-bce1cdf4e44c",
		"name": "PHP-Rest-API",
		"schema": "https://schema.getpostman.com/json/collection/v2.1.0/collection.json"
	},
	"item": [
		{
			"name": "user",
			"request": {
				"method": "POST",
				"header": [],
				"body": {
					"mode": "raw",
					"raw": "{\r\n    \"firstName\": \"Chennai\",\r\n    \"lastName\": \"project\",\r\n    \"email\": \"chennai@yahoo.com\",\r\n    \"password\": \"chennaiproject\"\r\n}",
					"options": {
						"raw": {
							"language": "json"
						}
					}
				},
				"url": {
					"raw": "http://localhost/api/v1/user",
					"protocol": "http",
					"host": [
						"localhost"
					],
					"path": [
						"api",
						"v1",
						"user"
					]
				}
			},
			"response": []
		},
		{
			"name": "catalogs",
			"request": {
				"auth": {
					"type": "bearer",
					"bearer": [
						{
							"key": "token",
							"value": "eyJ0eXAiOiJKV1QiLCJhbGciOiJIUzI1NiJ9.eyJpYXQiOjE2MDExMTM2MzUsImlzcyI6IlBIUF9NSU5JX1JFU1RfQVBJIiwiZXhwIjoxNjAxNzE4NDM1LCJ1c2VyX2lkIjoiMyJ9.d92439hTgpAnXSrnzdBKlW2sciyXDV2xi0z5E9E51bg",
							"type": "string"
						}
					]
				},
				"method": "GET",
				"header": [
					{
						"key": "HTTP_AUTHORIZATION",
						"value": "",
						"type": "text",
						"disabled": true
					}
				],
				"url": {
					"raw": "http://localhost/api/v1/catalogs",
					"protocol": "http",
					"host": [
						"localhost"
					],
					"path": [
						"api",
						"v1",
						"catalogs"
					]
				}
			},
			"response": []
		},
		{
			"name": "user-auth",
			"request": {
				"auth": {
					"type": "bearer",
					"bearer": [
						{
							"key": "token",
							"value": "eyJ0eXAiOiJKV1QiLCJhbGciOiJIUzI1NiJ9.eyJpYXQiOjE2MDMxMTI0ODYsImlzcyI6IlBIUF9NSU5JX1JFU1RfQVBJIiwiZXhwIjoxNjAzMTE2MDg2LCJ1c2VyX2lkIjoiMyIsImVtYWlsIjoibmFuYW5kbWNhQHlhaG9vLmNvbSJ9.hXJJR-D_I5w9soPLtdO5Hi0_6KnFO23NVz5x-6nt9I8",
							"type": "string"
						}
					]
				},
				"method": "POST",
				"header": [],
				"body": {
					"mode": "raw",
					"raw": "{\r\n    \"email\": \"nanandmca@yahoo.com\",\r\n    \"password\": \"winze1anand\"\r\n}",
					"options": {
						"raw": {
							"language": "json"
						}
					}
				},
				"url": {
					"raw": "http://localhost/api/v1/user-auth",
					"protocol": "http",
					"host": [
						"localhost"
					],
					"path": [
						"api",
						"v1",
						"user-auth"
					]
				}
			},
			"response": []
		},
		{
			"name": "products",
			"request": {
				"auth": {
					"type": "bearer",
					"bearer": [
						{
							"key": "token",
							"value": "eyJ0eXAiOiJKV1QiLCJhbGciOiJIUzI1NiJ9.eyJpYXQiOjE2MDExMTM2MzUsImlzcyI6IlBIUF9NSU5JX1JFU1RfQVBJIiwiZXhwIjoxNjAxNzE4NDM1LCJ1c2VyX2lkIjoiMyJ9.d92439hTgpAnXSrnzdBKlW2sciyXDV2xi0z5E9E51bg",
							"type": "string"
						}
					]
				},
				"method": "GET",
				"header": [
					{
						"key": "TEST_HEADER",
						"value": "YESY",
						"type": "text"
					}
				],
				"url": {
					"raw": "http://localhost/php-api/api/v1/products",
					"protocol": "http",
					"host": [
						"localhost"
					],
					"path": [
						"php-api",
						"api",
						"v1",
						"products"
					]
				}
			},
			"response": []
		},
		{
			"name": "test-json",
			"request": {
				"method": "GET",
				"header": [],
				"url": {
					"raw": "http://winzetech.com/test-json.php",
					"protocol": "http",
					"host": [
						"winzetech",
						"com"
					],
					"path": [
						"test-json.php"
					]
				}
			},
			"response": []
		},
		{
			"name": "project-OverallSummary",
			"request": {
				"auth": {
					"type": "bearer",
					"bearer": [
						{
							"key": "token",
							"value": "eyJ0eXAiOiJKV1QiLCJhbGciOiJIUzI1NiJ9.eyJpYXQiOjE2MDMyNjA5NzMsImlzcyI6IlBIUF9NSU5JX1JFU1RfQVBJIiwiZXhwIjoxNjAzMjY0NTczLCJ1c2VyX2lkIjoiMyIsImVtYWlsIjoibmFuYW5kbWNhQHlhaG9vLmNvbSJ9.xKJqKm7rqoyo-bxVdsb--AQzhFKqh_xYSk8lZEqFCZM",
							"type": "string"
						}
					]
				},
				"method": "GET",
				"header": [
					{
						"key": "companyId",
						"value": "2",
						"type": "text"
					}
				],
				"url": {
					"raw": "http://localhost/api/v1/project/overallSummary",
					"protocol": "http",
					"host": [
						"localhost"
					],
					"path": [
						"api",
						"v1",
						"project",
						"overallSummary"
					]
				}
			},
			"response": []
		},
		{
			"name": "cleanCache-OverallSummary",
			"request": {
				"auth": {
					"type": "bearer",
					"bearer": [
						{
							"key": "token",
							"value": "eyJ0eXAiOiJKV1QiLCJhbGciOiJIUzI1NiJ9.eyJpYXQiOjE2MDQxMzc2MDAsImlzcyI6IlBIUF9NSU5JX1JFU1RfQVBJIiwiZXhwIjoxNjA0MTQxMjAwLCJ1c2VyX2lkIjoiMyIsImVtYWlsIjoibmFuYW5kbWNhQHlhaG9vLmNvbSJ9.NJqELwxPi1Qp6fGbipXOb5m2fO4I4OUYVXmDWegHY1M",
							"type": "string"
						}
					]
				},
				"method": "GET",
				"header": [],
				"url": {
					"raw": "http://localhost/api/v1/project/cleanCache",
					"protocol": "http",
					"host": [
						"localhost"
					],
					"path": [
						"api",
						"v1",
						"project",
						"cleanCache"
					]
				}
			},
			"response": []
		},
		{
			"name": "project-fetchProjects",
			"request": {
				"auth": {
					"type": "bearer",
					"bearer": [
						{
							"key": "token",
							"value": "eyJ0eXAiOiJKV1QiLCJhbGciOiJIUzI1NiJ9.eyJpYXQiOjE2MDM0OTgxOTksImlzcyI6IlBIUF9NSU5JX1JFU1RfQVBJIiwiZXhwIjoxNjAzNTAxNzk5LCJ1c2VyX2lkIjoiMyIsImVtYWlsIjoibmFuYW5kbWNhQHlhaG9vLmNvbSJ9.1Il9KpWnYT6LbEcv5QiXWb1dd3sRoZMbFki4E0hKObU",
							"type": "string"
						}
					]
				},
				"method": "GET",
				"header": [
					{
						"key": "companyId",
						"value": "4",
						"type": "text"
					}
				],
				"url": {
					"raw": "http://localhost/api/v1/projects",
					"protocol": "http",
					"host": [
						"localhost"
					],
					"path": [
						"api",
						"v1",
						"projects"
					]
				}
			},
			"response": []
		},
		{
			"name": "project-fetchProjectsByProjectName",
			"request": {
				"auth": {
					"type": "bearer",
					"bearer": [
						{
							"key": "token",
							"value": "eyJ0eXAiOiJKV1QiLCJhbGciOiJIUzI1NiJ9.eyJpYXQiOjE2MDMyNjA5NzMsImlzcyI6IlBIUF9NSU5JX1JFU1RfQVBJIiwiZXhwIjoxNjAzMjY0NTczLCJ1c2VyX2lkIjoiMyIsImVtYWlsIjoibmFuYW5kbWNhQHlhaG9vLmNvbSJ9.xKJqKm7rqoyo-bxVdsb--AQzhFKqh_xYSk8lZEqFCZM",
							"type": "string"
						}
					]
				},
				"method": "GET",
				"header": [
					{
						"key": "companyId",
						"value": "4",
						"type": "text"
					}
				],
				"url": {
					"raw": "http://localhost/api/v1/projects/VDP-Calgary",
					"protocol": "http",
					"host": [
						"localhost"
					],
					"path": [
						"api",
						"v1",
						"projects",
						"VDP-Calgary"
					]
				}
			},
			"response": []
		},
		{
			"name": "project-fetchProjectsByProjectNameWing",
			"request": {
				"auth": {
					"type": "bearer",
					"bearer": [
						{
							"key": "token",
							"value": "eyJ0eXAiOiJKV1QiLCJhbGciOiJIUzI1NiJ9.eyJpYXQiOjE2MDMyNjA5NzMsImlzcyI6IlBIUF9NSU5JX1JFU1RfQVBJIiwiZXhwIjoxNjAzMjY0NTczLCJ1c2VyX2lkIjoiMyIsImVtYWlsIjoibmFuYW5kbWNhQHlhaG9vLmNvbSJ9.xKJqKm7rqoyo-bxVdsb--AQzhFKqh_xYSk8lZEqFCZM",
							"type": "string"
						}
					]
				},
				"method": "GET",
				"header": [
					{
						"key": "companyId",
						"value": "4",
						"type": "text"
					}
				],
				"url": {
					"raw": "http://localhost/api/v1/projects/VDP-Calgary/A",
					"protocol": "http",
					"host": [
						"localhost"
					],
					"path": [
						"api",
						"v1",
						"projects",
						"VDP-Calgary",
						"A"
					]
				}
			},
			"response": []
		},
		{
			"name": "project-fetchProjectsByProjectNameWingFloor",
			"request": {
				"auth": {
					"type": "bearer",
					"bearer": [
						{
							"key": "token",
							"value": "eyJ0eXAiOiJKV1QiLCJhbGciOiJIUzI1NiJ9.eyJpYXQiOjE2MDMyNjA5NzMsImlzcyI6IlBIUF9NSU5JX1JFU1RfQVBJIiwiZXhwIjoxNjAzMjY0NTczLCJ1c2VyX2lkIjoiMyIsImVtYWlsIjoibmFuYW5kbWNhQHlhaG9vLmNvbSJ9.xKJqKm7rqoyo-bxVdsb--AQzhFKqh_xYSk8lZEqFCZM",
							"type": "string"
						}
					]
				},
				"method": "GET",
				"header": [
					{
						"key": "companyId",
						"value": "4",
						"type": "text"
					}
				],
				"url": {
					"raw": "http://localhost/api/v1/projects/VDP-Calgary/A/1",
					"protocol": "http",
					"host": [
						"localhost"
					],
					"path": [
						"api",
						"v1",
						"projects",
						"VDP-Calgary",
						"A",
						"1"
					]
				}
			},
			"response": []
		},
		{
			"name": "project-modifiedLogs",
			"request": {
				"auth": {
					"type": "bearer",
					"bearer": [
						{
							"key": "token",
							"value": "eyJ0eXAiOiJKV1QiLCJhbGciOiJIUzI1NiJ9.eyJpYXQiOjE2MDM0OTgxOTksImlzcyI6IlBIUF9NSU5JX1JFU1RfQVBJIiwiZXhwIjoxNjAzNTAxNzk5LCJ1c2VyX2lkIjoiMyIsImVtYWlsIjoibmFuYW5kbWNhQHlhaG9vLmNvbSJ9.1Il9KpWnYT6LbEcv5QiXWb1dd3sRoZMbFki4E0hKObU",
							"type": "string"
						}
					]
				},
				"method": "GET",
				"header": [
					{
						"key": "companyId",
						"value": "4",
						"type": "text"
					}
				],
				"url": {
					"raw": "http://localhost/api/v1/project/modifiedLogs",
					"protocol": "http",
					"host": [
						"localhost"
					],
					"path": [
						"api",
						"v1",
						"project",
						"modifiedLogs"
					]
				}
			},
			"response": []
		},
		{
			"name": "project-modifiedLogs-Period",
			"request": {
				"auth": {
					"type": "bearer",
					"bearer": [
						{
							"key": "token",
							"value": "eyJ0eXAiOiJKV1QiLCJhbGciOiJIUzI1NiJ9.eyJpYXQiOjE2MDMyNjA5NzMsImlzcyI6IlBIUF9NSU5JX1JFU1RfQVBJIiwiZXhwIjoxNjAzMjY0NTczLCJ1c2VyX2lkIjoiMyIsImVtYWlsIjoibmFuYW5kbWNhQHlhaG9vLmNvbSJ9.xKJqKm7rqoyo-bxVdsb--AQzhFKqh_xYSk8lZEqFCZM",
							"type": "string"
						}
					]
				},
				"method": "GET",
				"header": [
					{
						"key": "companyId",
						"value": "2",
						"type": "text"
					}
				],
				"url": {
					"raw": "http://localhost/api/v1/project/modifiedLogs/Yesterday",
					"protocol": "http",
					"host": [
						"localhost"
					],
					"path": [
						"api",
						"v1",
						"project",
						"modifiedLogs",
						"Yesterday"
					]
				}
			},
			"response": []
		},
		{
			"name": "updateStatus",
			"request": {
				"auth": {
					"type": "bearer",
					"bearer": [
						{
							"key": "token",
							"value": "eyJ0eXAiOiJKV1QiLCJhbGciOiJIUzI1NiJ9.eyJpYXQiOjE2MDI0OTY5OTYsImlzcyI6IlBIUF9NSU5JX1JFU1RfQVBJIiwiZXhwIjoxNjAyNTAwNTk2LCJ1c2VyX2lkIjoiMyIsImVtYWlsIjoibmFuYW5kbWNhQHlhaG9vLmNvbSJ9.zrASjD2sl9OokjEi_FfedKcUyKrqXjfG7EcIw7p8OEM",
							"type": "string"
						}
					]
				},
				"method": "POST",
				"header": [],
				"body": {
					"mode": "raw",
					"raw": "{\"documentId\":\"DMkQqzMthVl8HKJkVd8W\",\"modifiedData\":[{\"fieldName\":\"VDP-in-MAC\",\"fieldValue\":\"12\"}]}",
					"options": {
						"raw": {
							"language": "json"
						}
					}
				},
				"url": {
					"raw": "http://localhost/api/v1/project/updateStatus",
					"protocol": "http",
					"host": [
						"localhost"
					],
					"path": [
						"api",
						"v1",
						"project",
						"updateStatus"
					]
				}
			},
			"response": []
		},
		{
			"name": "modifiedRoomLogsByProjectName",
			"request": {
				"auth": {
					"type": "bearer",
					"bearer": [
						{
							"key": "token",
							"value": "eyJ0eXAiOiJKV1QiLCJhbGciOiJIUzI1NiJ9.eyJpYXQiOjE2MDMyNjA5NzMsImlzcyI6IlBIUF9NSU5JX1JFU1RfQVBJIiwiZXhwIjoxNjAzMjY0NTczLCJ1c2VyX2lkIjoiMyIsImVtYWlsIjoibmFuYW5kbWNhQHlhaG9vLmNvbSJ9.xKJqKm7rqoyo-bxVdsb--AQzhFKqh_xYSk8lZEqFCZM",
							"type": "string"
						}
					]
				},
				"method": "GET",
				"header": [
					{
						"key": "companyId",
						"value": "2",
						"type": "text"
					}
				],
				"url": {
					"raw": "http://localhost/api/v1/project/modifiedLogsForProject/VDP-Calgary",
					"protocol": "http",
					"host": [
						"localhost"
					],
					"path": [
						"api",
						"v1",
						"project",
						"modifiedLogsForProject",
						"VDP-Calgary"
					]
				}
			},
			"response": []
		},
		{
			"name": "securityRoomsByProjectName",
			"request": {
				"auth": {
					"type": "bearer",
					"bearer": [
						{
							"key": "token",
							"value": "eyJ0eXAiOiJKV1QiLCJhbGciOiJIUzI1NiJ9.eyJpYXQiOjE2MDI0OTY5OTYsImlzcyI6IlBIUF9NSU5JX1JFU1RfQVBJIiwiZXhwIjoxNjAyNTAwNTk2LCJ1c2VyX2lkIjoiMyIsImVtYWlsIjoibmFuYW5kbWNhQHlhaG9vLmNvbSJ9.zrASjD2sl9OokjEi_FfedKcUyKrqXjfG7EcIw7p8OEM",
							"type": "string"
						}
					]
				},
				"method": "GET",
				"header": [],
				"url": {
					"raw": "http://localhost/api/v1/project/securityRooms/Chancery",
					"protocol": "http",
					"host": [
						"localhost"
					],
					"path": [
						"api",
						"v1",
						"project",
						"securityRooms",
						"Chancery"
					]
				}
			},
			"response": []
		},
		{
			"name": "securityRooms",
			"request": {
				"auth": {
					"type": "bearer",
					"bearer": [
						{
							"key": "token",
							"value": "eyJ0eXAiOiJKV1QiLCJhbGciOiJIUzI1NiJ9.eyJpYXQiOjE2MDI0OTY5OTYsImlzcyI6IlBIUF9NSU5JX1JFU1RfQVBJIiwiZXhwIjoxNjAyNTAwNTk2LCJ1c2VyX2lkIjoiMyIsImVtYWlsIjoibmFuYW5kbWNhQHlhaG9vLmNvbSJ9.zrASjD2sl9OokjEi_FfedKcUyKrqXjfG7EcIw7p8OEM",
							"type": "string"
						}
					]
				},
				"method": "GET",
				"header": [],
				"url": {
					"raw": "http://localhost/api/v1/project/securityRooms",
					"protocol": "http",
					"host": [
						"localhost"
					],
					"path": [
						"api",
						"v1",
						"project",
						"securityRooms"
					]
				}
			},
			"response": []
		},
		{
			"name": "servers",
			"request": {
				"auth": {
					"type": "bearer",
					"bearer": [
						{
							"key": "token",
							"value": "eyJ0eXAiOiJKV1QiLCJhbGciOiJIUzI1NiJ9.eyJpYXQiOjE2MDI1OTI2NjQsImlzcyI6IlBIUF9NSU5JX1JFU1RfQVBJIiwiZXhwIjoxNjAyNTk2MjY0LCJ1c2VyX2lkIjoiMyIsImVtYWlsIjoibmFuYW5kbWNhQHlhaG9vLmNvbSJ9.j9tZ4Lsdn8uG49hAiHyeYAt25YRB9Ea-W9sbi4wLpgo",
							"type": "string"
						}
					]
				},
				"method": "GET",
				"header": [],
				"url": {
					"raw": "http://localhost/api/v1/project/serverRooms",
					"protocol": "http",
					"host": [
						"localhost"
					],
					"path": [
						"api",
						"v1",
						"project",
						"serverRooms"
					]
				}
			},
			"response": []
		},
		{
			"name": "serverRoomsForProject",
			"request": {
				"auth": {
					"type": "bearer",
					"bearer": [
						{
							"key": "token",
							"value": "eyJ0eXAiOiJKV1QiLCJhbGciOiJIUzI1NiJ9.eyJpYXQiOjE2MDI1ODg5OTEsImlzcyI6IlBIUF9NSU5JX1JFU1RfQVBJIiwiZXhwIjoxNjAyNTkyNTkxLCJ1c2VyX2lkIjoiMyIsImVtYWlsIjoibmFuYW5kbWNhQHlhaG9vLmNvbSJ9.QJ8F7K0yO4GVabAIxz-aTsgIsLPWn6Znl8egwOvH0wg",
							"type": "string"
						}
					]
				},
				"method": "GET",
				"header": [],
				"url": {
					"raw": "http://localhost/api/v1/project/serverRooms/VDP-Chancery",
					"protocol": "http",
					"host": [
						"localhost"
					],
					"path": [
						"api",
						"v1",
						"project",
						"serverRooms",
						"VDP-Chancery"
					]
				}
			},
			"response": []
		},
		{
			"name": "serverRoomsLogs",
			"request": {
				"auth": {
					"type": "bearer",
					"bearer": [
						{
							"key": "token",
							"value": "eyJ0eXAiOiJKV1QiLCJhbGciOiJIUzI1NiJ9.eyJpYXQiOjE2MDI0OTY5OTYsImlzcyI6IlBIUF9NSU5JX1JFU1RfQVBJIiwiZXhwIjoxNjAyNTAwNTk2LCJ1c2VyX2lkIjoiMyIsImVtYWlsIjoibmFuYW5kbWNhQHlhaG9vLmNvbSJ9.zrASjD2sl9OokjEi_FfedKcUyKrqXjfG7EcIw7p8OEM",
							"type": "string"
						}
					]
				},
				"method": "GET",
				"header": [],
				"url": {
					"raw": "http://localhost/api/v1/project/serverRoomsLogs",
					"protocol": "http",
					"host": [
						"localhost"
					],
					"path": [
						"api",
						"v1",
						"project",
						"serverRoomsLogs"
					]
				}
			},
			"response": []
		},
		{
			"name": "serverRoomsLogsForProject",
			"request": {
				"auth": {
					"type": "bearer",
					"bearer": [
						{
							"key": "token",
							"value": "eyJ0eXAiOiJKV1QiLCJhbGciOiJIUzI1NiJ9.eyJpYXQiOjE2MDM2MTQ5MTksImlzcyI6IlBIUF9NSU5JX1JFU1RfQVBJIiwiZXhwIjoxNjAzNjE4NTE5LCJ1c2VyX2lkIjoiMyIsImVtYWlsIjoibmFuYW5kbWNhQHlhaG9vLmNvbSJ9.FwswZK2MzJRaphCV4qBTpQLV0mpvjxREzDDjRvRqXog",
							"type": "string"
						}
					]
				},
				"method": "GET",
				"header": [
					{
						"key": "companyId",
						"value": "2",
						"type": "text"
					}
				],
				"url": {
					"raw": "http://localhost/api/v1/project/serverRoomsLogsForProject/SB Construction - Passive Networking Infrastructure",
					"protocol": "http",
					"host": [
						"localhost"
					],
					"path": [
						"api",
						"v1",
						"project",
						"serverRoomsLogsForProject",
						"SB Construction - Passive Networking Infrastructure"
					]
				}
			},
			"response": []
		},
		{
			"name": "project-access",
			"request": {
				"auth": {
					"type": "bearer",
					"bearer": [
						{
							"key": "token",
							"value": "eyJ0eXAiOiJKV1QiLCJhbGciOiJIUzI1NiJ9.eyJpYXQiOjE2MDM1ODg2MDgsImlzcyI6IlBIUF9NSU5JX1JFU1RfQVBJIiwiZXhwIjoxNjAzNTkyMjA4LCJ1c2VyX2lkIjoiMyIsImVtYWlsIjoibmFuYW5kbWNhQHlhaG9vLmNvbSJ9.B0r_kk6Ax_Y-bd_hfOv17zD40zBuWOYPoBiru9eL5vk",
							"type": "string"
						}
					]
				},
				"method": "GET",
				"header": [],
				"url": {
					"raw": "http://localhost/api/v1/projects-access",
					"protocol": "http",
					"host": [
						"localhost"
					],
					"path": [
						"api",
						"v1",
						"projects-access"
					]
				}
			},
			"response": []
		},
		{
			"name": "serverRoomsLogsForPerio",
			"request": {
				"auth": {
					"type": "bearer",
					"bearer": [
						{
							"key": "token",
							"value": "eyJ0eXAiOiJKV1QiLCJhbGciOiJIUzI1NiJ9.eyJpYXQiOjE2MDM2MTQ5MTksImlzcyI6IlBIUF9NSU5JX1JFU1RfQVBJIiwiZXhwIjoxNjAzNjE4NTE5LCJ1c2VyX2lkIjoiMyIsImVtYWlsIjoibmFuYW5kbWNhQHlhaG9vLmNvbSJ9.FwswZK2MzJRaphCV4qBTpQLV0mpvjxREzDDjRvRqXog",
							"type": "string"
						}
					]
				},
				"method": "GET",
				"header": [
					{
						"key": "companyId",
						"value": "2",
						"type": "text"
					}
				],
				"url": {
					"raw": "http://localhost/api/v1/project/serverRoomsLogs/Yesterday",
					"protocol": "http",
					"host": [
						"localhost"
					],
					"path": [
						"api",
						"v1",
						"project",
						"serverRoomsLogs",
						"Yesterday"
					]
				}
			},
			"response": []
		},
		{
			"name": "change-password",
			"request": {
				"auth": {
					"type": "bearer",
					"bearer": [
						{
							"key": "token",
							"value": "eyJ0eXAiOiJKV1QiLCJhbGciOiJIUzI1NiJ9.eyJpYXQiOjE2MDQxMDEyODcsImlzcyI6IlBIUF9NSU5JX1JFU1RfQVBJIiwiZXhwIjoxNjA0MTA0ODg3LCJ1c2VyX2lkIjoiMyIsImVtYWlsIjoibmFuYW5kbWNhQHlhaG9vLmNvbSJ9.d_0mxS2ceFaNNLZJrNx8Q-84e4KFA5e9phHh32BQwg8",
							"type": "string"
						}
					]
				},
				"method": "POST",
				"header": [],
				"body": {
					"mode": "raw",
					"raw": "{\r\n    \"email\": \"nanandmca@yahoo.com\",\r\n    \"password\": \"winze1anand\"\r\n}",
					"options": {
						"raw": {
							"language": "json"
						}
					}
				},
				"url": {
					"raw": "http://localhost/api/v1/change-password",
					"protocol": "http",
					"host": [
						"localhost"
					],
					"path": [
						"api",
						"v1",
						"change-password"
					]
				}
			},
			"response": []
		},
		{
			"name": "updated-password",
			"request": {
				"auth": {
					"type": "bearer",
					"bearer": [
						{
							"key": "token",
							"value": "eyJ0eXAiOiJKV1QiLCJhbGciOiJIUzI1NiJ9.eyJpYXQiOjE2MDMxMTI0ODYsImlzcyI6IlBIUF9NSU5JX1JFU1RfQVBJIiwiZXhwIjoxNjAzMTE2MDg2LCJ1c2VyX2lkIjoiMyIsImVtYWlsIjoibmFuYW5kbWNhQHlhaG9vLmNvbSJ9.hXJJR-D_I5w9soPLtdO5Hi0_6KnFO23NVz5x-6nt9I8",
							"type": "string"
						}
					]
				},
				"method": "POST",
				"header": [],
				"body": {
					"mode": "raw",
					"raw": "{\r\n    \"email\": \"nanandmca@yahoo.com\",\r\n    \"password\": \"winze1anand\"\r\n}",
					"options": {
						"raw": {
							"language": "json"
						}
					}
				},
				"url": {
					"raw": "http://localhost/api/v1/update-password",
					"protocol": "http",
					"host": [
						"localhost"
					],
					"path": [
						"api",
						"v1",
						"update-password"
					]
				}
			},
			"response": []
		}
	],
	"protocolProfileBehavior": {}
}